racine,forme,traduction,nom_categ,nom_type
abu-abu,,gris,Couleurs,Adjectif
adik,,petit frère / petite sœur,Famille & Personnes,Nom
air,,eau,"Fruits, Légumes & Boissons",Nom
ajar,mengajar / diajar / pelajaran,enseigner / être enseigné / leçon,"Travail, Études & École",Verbe
alis,,sourcils,Corps & Sens,Nom
ambil,mengambil / diambil,prendre / être pris,Commerce & Argent,Verbe
anak,,enfant,Famille & Personnes,Nom
aneh,,bizarre,Qualité générale & Jugement,Adjectif
anggur,,raisin,"Fruits, Légumes & Boissons",Nom
angin,,vent,"Nature, Météo & Temps",Nom
apa,,"que, quoi",Mots interrogatifs,Mot-outil
asam,,acide,Plats & Saveurs,Adjectif
asik,,"sympa, fun",Traits de personnalité,Adjectif
asin,,salé,Plats & Saveurs,Adjectif
atau,,ou,Connecteurs & Liaison,Mot-outil
atur,mengatur / diatur / peraturan,"organiser, régler / être réglé / règlement","Travail, Études & École",Verbe
awan,,nuage,"Nature, Météo & Temps",Nom
ayam,,poulet,Plats & Saveurs,Nom
baca,membaca / dibaca / bacaan,lire / être lu / lecture,Communication,Verbe
bagaimana,,comment,Mots interrogatifs,Mot-outil
bagus,,bien / beau (objet),Qualité générale & Jugement,Adjectif
baik,,gentil,Traits de personnalité,Adjectif
baju,,chemise / vêtement,Vêtements & Accessoires,Nom
bandara,,aéroport,Ville & Lieux,Nom
bangun,bangun / membangunkan / terbangun,"se réveiller, se lever / réveiller qqn / se réveiller (soudain)",Routine quotidienne,Verbe
bantal,,oreiller,Maison & Vie pratique,Nom
bantu,membantu / dibantu / bantuan,aider / être aidé / aide,"Travail, Études & École",Verbe
bapak,,père,Famille & Personnes,Nom
baperan,,susceptible,Traits de personnalité,Adjectif
baru,,neuf,Qualité générale & Jugement,Adjectif
basah,,mouillé,Qualité générale & Jugement,Adjectif
bau,bau / membaui / berbau,sentir (odeur) / dégager une odeur,Corps & Sens,Verbe
bawa,membawa / dibawa / membawakan,"transporter, apporter / être transporté / apporter pour qqn",Commerce & Argent,Verbe
bawang,,oignon,"Fruits, Légumes & Boissons",Nom
bayar,membayar / dibayar / pembayaran,payer / être payé / paiement,Commerce & Argent,Verbe
bayi,,bébé,Famille & Personnes,Nom
belajar,belajar / mempelajari,étudier / étudier en profondeur,"Travail, Études & École",Verbe
beli,membeli / dibeli / pembelian,acheter / être acheté / achat,Commerce & Argent,Verbe
benci,membenci / dibenci,détester / être détesté,Émotions & Relations,Verbe
berantakan,,désordonné,Qualité générale & Jugement,Adjectif
berapa,,combien,Mots interrogatifs,Mot-outil
berat,,lourd,Taille & Dimensions,Adjectif
berdiri,berdiri,"se lever, être debout",Routine quotidienne,Verbe
bernafas,bernafas / menghirup,respirer / inhaler,Routine quotidienne,Verbe
bersih,membersihkan / dibersihkan,nettoyer / être nettoyé,Maison & Vie pratique,Verbe
besar,,grand,Taille & Dimensions,Adjectif
besok,,demain,"Nature, Météo & Temps",Nom
bicara,bicara / berbicara / membicarakan,parler / parler de quelque chose,Communication,Verbe
bintang,,étoile,"Nature, Météo & Temps",Nom
bir,,bière,"Fruits, Légumes & Boissons",Nom
biru,,bleu,Couleurs,Adjectif
bisa,bisa / kemampuan,"pouvoir, savoir faire / capacité",Mental & Cognition,Verbe
bosan,,ennuyé,États physiques & émotionnels,Adjectif
buah,,fruit,"Fruits, Légumes & Boissons",Nom
buang,membuang / dibuang,jeter / être jeté,Maison & Vie pratique,Verbe
buat,membuat / dibuatkan,"faire, fabriquer / faire pour qqn","Travail, Études & École",Verbe
bubur,,bouillie / porridge,Plats & Saveurs,Nom
buka,membuka / dibuka / membukakan / terbuka,ouvrir / être ouvert / ouvrir pour qqn / ouvert (état),Maison & Vie pratique,Verbe
buku,,livre,"Travail, Études & École",Nom
bulan,,lune,"Nature, Météo & Temps",Nom
bulan,,mois,"Nature, Météo & Temps",Nom
bumbu,,épices / assaisonnement,Plats & Saveurs,Nom
bunga,,fleur,"Nature, Météo & Temps",Nom
cabai,,piment,"Fruits, Légumes & Boissons",Nom
cantik,,belle,Traits de personnalité,Adjectif
capek,,fatigué,États physiques & émotionnels,Adjectif
cari,mencari / dicari / pencarian,chercher / être cherché / recherche,"Travail, Études & École",Verbe
celana,,pantalon,Vêtements & Accessoires,Nom
cepat,,rapide,Qualité générale & Jugement,Adjectif
cerewet,,"bavard, chiant",Traits de personnalité,Adjectif
cerita,bercerita / menceritakan,"raconter, narrer / raconter qqch à qqn",Communication,Verbe
cewek,,meuf,Famille & Personnes,Nom
cinta,mencintai / dicintai / cinta,aimer (qqn) / être aimé / amour,Émotions & Relations,Verbe
cium,mencium / dicium,embrasser / sentir (odeur) / être embrassé,Corps & Sens,Verbe
coba,mencoba / dicoba / percobaan,essayer / être essayé / tentative,Mental & Cognition,Verbe
cokelat,,chocolat,Plats & Saveurs,Nom
cokelat,,marron,Couleurs,Adjectif
cowok,,mec,Famille & Personnes,Nom
cuci,mencuci / dicuci / cucian,laver / être lavé / lessive,Maison & Vie pratique,Verbe
cucu,,petit-enfant,Famille & Personnes,Nom
cuka,,vinaigre,Plats & Saveurs,Nom
daging,,viande,Plats & Saveurs,Nom
dan,,et,Connecteurs & Liaison,Mot-outil
dapur,,cuisine,Maison & Vie pratique,Nom
dari,,"de, depuis, à partir de",Connecteurs & Liaison,Mot-outil
datang,datang / mendatangi,venir / se rendre chez qqn,Déplacement,Verbe
deg-degan,,"palpitations (nervosité, excitation)",États physiques & émotionnels,Adjectif
demam,,fiévreux,États physiques & émotionnels,Adjectif
dengar,dengar / mendengar / mendengarkan,entendre / écouter attentivement,Corps & Sens,Verbe
depan,,prochain / devant (espace),"Nature, Météo & Temps",Nom
detik,,seconde,"Nature, Météo & Temps",Nom
di mana,,où (position),Mots interrogatifs,Mot-outil
dingin,,froid,Qualité générale & Jugement,Adjectif
diskon,,réduction,Commerce & Argent,Nom
duduk,duduk / mendudukkan,s'asseoir / faire asseoir,Routine quotidienne,Verbe
duit,uang,argent,Commerce & Argent,Nom
egois,,égoïste,Traits de personnalité,Adjectif
enak,,"bon, agréable au goût",Plats & Saveurs,Adjectif
galak,,"sévère, méchant",Traits de personnalité,Adjectif
gampang,,facile,Qualité générale & Jugement,Adjectif
ganteng,,beau (pour un homme),Traits de personnalité,Adjectif
garam,,sel,Plats & Saveurs,Nom
gaul,,"branché, sociable",Traits de personnalité,Adjectif
gelap,,sombre,Qualité générale & Jugement,Adjectif
gigi,,dent,Corps & Sens,Nom
grogi,,"nerveux, intimidé",États physiques & émotionnels,Adjectif
gula,,sucre,Plats & Saveurs,Nom
gunung,,montagne,"Nature, Météo & Temps",Nom
handuk,,serviette,Maison & Vie pratique,Nom
harap,berharap / mengharapkan,espérer / espérer qqch,Émotions & Relations,Verbe
harga,,prix,Commerce & Argent,Nom
hari,,jour,"Nature, Météo & Temps",Nom
hari ini,,aujourd'hui,"Nature, Météo & Temps",Nom
haus,,assoiffé,États physiques & émotionnels,Adjectif
hemat,menghemat / berhemat,écoNomiser / faire des écoNomies,Commerce & Argent,Verbe
hidung,,nez,Corps & Sens,Nom
hijau,,vert,Couleurs,Adjectif
hitam,,noir,Couleurs,Adjectif
hitung,menghitung / dihitung / perhitungan,"compter, calculer / être calculé / calcul","Travail, Études & École",Verbe
hujan,,pluie,"Nature, Météo & Temps",Nom
ibu,,mère,Famille & Personnes,Nom
ikan,,poisson,Plats & Saveurs,Nom
ingat,ingat / mengingat / teringat,se souvenir / se rappeler / se souvenir soudainement,Mental & Cognition,Verbe
ipar,,beau-frère / belle-sœur,Famille & Personnes,Nom
istri,,épouse,Famille & Personnes,Nom
izin,meminta izin / diizinkan,demander permission / être autorisé,Communication,Verbe
jadi,maka,donc,Connecteurs & Liaison,Mot-outil
jahe,,gingembre,"Fruits, Légumes & Boissons",Nom
jaket,,veste,Vêtements & Accessoires,Nom
jalan,jalan / berjalan / berjalan-jalan,marcher / se promener,Déplacement,Verbe
jalan,,rue,Ville & Lieux,Nom
jam,,heure,"Nature, Météo & Temps",Nom
jam tangan,,montre,Vêtements & Accessoires,Nom
jawab,menjawab / dijawab,répondre / être répondu,Communication,Verbe
jelek,,"moche, nul",Qualité générale & Jugement,Adjectif
jendela,,fenêtre,Maison & Vie pratique,Nom
jual,menjual / dijual / penjual,vendre / être vendu / vendeur,Commerce & Argent,Verbe
jujur,,honnête,Traits de personnalité,Adjectif
Jumat,,vendredi,"Nature, Météo & Temps",Nom
jutek,,"froid, désagréable",Traits de personnalité,Adjectif
kacamata,,lunettes,Vêtements & Accessoires,Nom
kacang,,cacahuète,"Fruits, Légumes & Boissons",Nom
kaget,,surpris,États physiques & émotionnels,Adjectif
kakak,,grand frère / grande sœur,Famille & Personnes,Nom
kakek,,grand-père,Famille & Personnes,Nom
kaki,,pied / jambe,Corps & Sens,Nom
kalau,jika,si,Connecteurs & Liaison,Mot-outil
kamar,,chambre,Maison & Vie pratique,Nom
Kamis,,jeudi,"Nature, Météo & Temps",Nom
kantor,,bureau,Ville & Lieux,Nom
kaos,,t-shirt,Vêtements & Accessoires,Nom
kapan,,quand,Mots interrogatifs,Mot-outil
karena,,parce que,Connecteurs & Liaison,Mot-outil
ke mana,,où (direction),Mots interrogatifs,Mot-outil
kecil,,petit,Taille & Dimensions,Adjectif
keju,,fromage,Plats & Saveurs,Nom
keluar,keluar / mengeluarkan,sortir / sortir quelque chose,Déplacement,Verbe
keluarga,,famille,Famille & Personnes,Nom
kemarau,,saison sèche,"Nature, Météo & Temps",Nom
kemarin,,hier,"Nature, Météo & Temps",Nom
kemarin lusa,,avant-hier,"Nature, Météo & Temps",Nom
kembalian,,monnaie rendue,Commerce & Argent,Nom
kenapa,mengapa,pourquoi,Mots interrogatifs,Mot-outil
kentang,,pomme de terre,"Fruits, Légumes & Boissons",Nom
kenyang,,rassasié,États physiques & émotionnels,Adjectif
kepala,,tête,Corps & Sens,Nom
keras,,dur,Qualité générale & Jugement,Adjectif
keras kepala,,têtu,Traits de personnalité,Adjectif
keren,,"cool, classe",Traits de personnalité,Adjectif
kering,,sec,Qualité générale & Jugement,Adjectif
kerja,kerja / bekerja / mengerjakan,travailler / faire un travail,"Travail, Études & École",Verbe
kerjaan,pekerjaan,boulot,"Travail, Études & École",Nom
kertas,,papier,"Travail, Études & École",Nom
kirim,mengirim / dikirim / kiriman,envoyer / être envoyé / envoi,Commerce & Argent,Verbe
kopi,,café,"Fruits, Légumes & Boissons",Nom
kosong,,vide,Taille & Dimensions,Adjectif
kota,,ville,Ville & Lieux,Nom
kotor,,sale,Qualité générale & Jugement,Adjectif
kuat,,fort / solide,Qualité générale & Jugement,Adjectif
kubis,,chou,"Fruits, Légumes & Boissons",Nom
kue,,"gâteau, pâtisserie",Plats & Saveurs,Nom
kulkas,,frigo,Maison & Vie pratique,Nom
kunci,,clé,Maison & Vie pratique,Nom
kuning,,jaune,Couleurs,Adjectif
kursi,,chaise,Maison & Vie pratique,Nom
labu,,courge / citrouille,"Fruits, Légumes & Boissons",Nom
lalu,,"dernier, passé / ensuite, puis (récit)","Nature, Météo & Temps",Nom
lama,,"ancien, qui dure longtemps",Qualité générale & Jugement,Adjectif
lambat,,lent,Qualité générale & Jugement,Adjectif
lampu,,lampe,Maison & Vie pratique,Nom
langit,,ciel,"Nature, Météo & Temps",Nom
lapar,,affamé,États physiques & émotionnels,Adjectif
lari,lari / berlari,courir,Déplacement,Verbe
laut,,mer,"Nature, Météo & Temps",Nom
lebay,,exagéré,Traits de personnalité,Adjectif
lemah,,faible,Qualité générale & Jugement,Adjectif
lembut,,doux / tendre,Qualité générale & Jugement,Adjectif
lesung pipi,,fossette,Corps & Sens,Nom
lewat,lewat / melewati,passer / passer par,Déplacement,Verbe
libur,,vacances / jour de congé,"Nature, Météo & Temps",Nom
lihat,lihat / melihat / terlihat,voir / visible (état),Corps & Sens,Verbe
lobak,,radis,"Fruits, Légumes & Boissons",Nom
luas,,spacieux,Taille & Dimensions,Adjectif
lucu,,mignon / drôle,Traits de personnalité,Adjectif
lupa,lupa / melupakan,oublier / oublier volontairement,Mental & Cognition,Verbe
lusa,,après-demain,"Nature, Météo & Temps",Nom
maaf,memaafkan / dimaafkan,pardonner / être pardonné,Émotions & Relations,Verbe
mabuk,,ivre / malade en transport,États physiques & émotionnels,Adjectif
mahal,,cher,Qualité générale & Jugement,Adjectif
makan,makan / memakan,manger,Routine quotidienne,Verbe
malas,,paresseux,Traits de personnalité,Adjectif
mama,,maman,Famille & Personnes,Nom
mandi,mandi / memandikan,se laver (le corps) / donner un bain à qqn,Routine quotidienne,Verbe
manis,,sucré,Plats & Saveurs,Adjectif
manja,,"capricieux, chouchouté",Traits de personnalité,Adjectif
masak,masak / memasak / dimasak,cuisiner / être cuisiné,Maison & Vie pratique,Verbe
masuk,masuk / memasuki / memasukkan,entrer / entrer dans / mettre dedans,Déplacement,Verbe
mata,,œil,Corps & Sens,Nom
matahari,,soleil,"Nature, Météo & Temps",Nom
matiin,matiin / dimatikan,éteindre / être éteint,Maison & Vie pratique,Verbe
mau,mau / ingin,vouloir (informel) / vouloir (formel),Mental & Cognition,Verbe
meja,,table,Maison & Vie pratique,Nom
menantu,,gendre / belle-fille,Famille & Personnes,Nom
mengerti,mengerti / dimengerti / pengertian,comprendre / être compris / compréhension,Mental & Cognition,Verbe
menit,,minute,"Nature, Météo & Temps",Nom
mentega,,beurre,Plats & Saveurs,Nom
merah,,rouge,Couleurs,Adjectif
merica,,poivre,Plats & Saveurs,Nom
mertua,,beaux-parents,Famille & Personnes,Nom
mie,,nouilles,Plats & Saveurs,Nom
minggu,,semaine,"Nature, Météo & Temps",Nom
Minggu,,dimanche (avec majuscule !),"Nature, Météo & Temps",Nom
minta,meminta / diminta / permintaan,"demander, réclamer (une chose) / être demandé / demande",Communication,Verbe
minum,minum / meminum,boire,Routine quotidienne,Verbe
minyak,,huile,Plats & Saveurs,Nom
muda,,jeune,Qualité générale & Jugement,Adjectif
mulai,mulai / memulai / dimulai,commencer / débuter qqch / être commencé,"Travail, Études & École",Verbe
mulut,,bouche,Corps & Sens,Nom
murah,,pas cher,Qualité générale & Jugement,Adjectif
musim,,saison,"Nature, Météo & Temps",Nom
naik,naik / menaiki / menaikkan,monter / monter dans / faire monter,Déplacement,Verbe
nangis,nangis / tangisan,pleurer / des pleurs,Émotions & Relations,Verbe
nasi,,riz,Plats & Saveurs,Nom
nenek,,grand-mère,Famille & Personnes,Nom
ngantuk,,somnolent,États physiques & émotionnels,Adjectif
norak,,"ringard, tape-à-l'œil",Traits de personnalité,Adjectif
nyalain,nyalain / dinyalakan,allumer / être allumé,Maison & Vie pratique,Verbe
nyebelin,,énervant,Traits de personnalité,Adjectif
nyetir,nyetir / disetir,conduire / être conduit,Déplacement,Verbe
ombak,,vague,"Nature, Météo & Temps",Nom
orang tua,,parents,Famille & Personnes,Nom
oranye,,orange,Couleurs,Adjectif
pacar,,copain / copine,Famille & Personnes,Nom
pahit,,amer,Plats & Saveurs,Adjectif
pakai,memakai / dipakai / pemakaian,"porter (vêtement), utiliser / être utilisé",Routine quotidienne,Verbe
paman,,oncle,Famille & Personnes,Nom
panas,,chaud,Qualité générale & Jugement,Adjectif
panggil,memanggil / dipanggil / panggilan,"appeler qqn, héler / être appelé / appel, surNom",Communication,Verbe
panjang,,long,Taille & Dimensions,Adjectif
parkir,parkir / memarkir / diparkir,se garer / garer / être garé,Déplacement,Verbe
pasar,,marché,Ville & Lieux,Nom
pasir,,sable,"Nature, Météo & Temps",Nom
pedas,,épicé,Plats & Saveurs,Adjectif
pede,percaya diri,confiant en soi,Traits de personnalité,Adjectif
pegang,memegang / dipegang,"tenir, saisir / être tenu",Corps & Sens,Verbe
pelit,,radin,Traits de personnalité,Adjectif
pendek,,court / petit (taille),Taille & Dimensions,Adjectif
pensil,,crayon,"Travail, Études & École",Nom
penting,,important,Qualité générale & Jugement,Adjectif
penuh,,plein,Taille & Dimensions,Adjectif
perak,,argenté,Couleurs,Adjectif
perbaiki,memperbaiki / diperbaiki / perbaikan,réparer / être réparé / réparation,Maison & Vie pratique,Verbe
percaya,percaya / mempercayai / kepercayaan,"croire, faire confiance / confiance",Émotions & Relations,Verbe
pergi,pergi,"aller, partir",Déplacement,Verbe
perut,,ventre,Corps & Sens,Nom
pesan,memesan / dipesan / pesanan,commander (repas/produit) / être commandé / commande,Commerce & Argent,Verbe
pikir,berpikir / memikirkan,penser / penser à qqch,Mental & Cognition,Verbe
pilih,memilih / dipilih / pilihan,choisir / être choisi / choix,"Travail, Études & École",Verbe
pinjam,meminjam / meminjamkan / dipinjam,emprunter / prêter / être emprunté,Commerce & Argent,Verbe
pink,merah muda,rose,Couleurs,Adjectif
pintar,,intelligent,Traits de personnalité,Adjectif
pintu,,porte,Maison & Vie pratique,Nom
piring,,assiette,Maison & Vie pratique,Nom
pisang,,banane,"Fruits, Légumes & Boissons",Nom
pisau,,couteau,Maison & Vie pratique,Nom
pohon,,arbre,"Nature, Météo & Temps",Nom
pulang,pulang / memulangkan,rentrer (chez soi) / renvoyer qqn,Déplacement,Verbe
pusing,,"tête qui tourne, migraine",États physiques & émotionnels,Adjectif
putih,,blanc,Couleurs,Adjectif
Rabu,,mercredi,"Nature, Météo & Temps",Nom
rajin,,"travailleur, assidu",Traits de personnalité,Adjectif
ramah,,"accueillant, sympa",Traits de personnalité,Adjectif
ramai,,"animé, bondé",Qualité générale & Jugement,Adjectif
rambut,,cheveux,Corps & Sens,Nom
rapi,,"rangé, net",Qualité générale & Jugement,Adjectif
rasa,rasa / merasakan / terasa,"ressentir, goûter",Corps & Sens,Verbe
rindu,rindu / merindukan,manquer / ressentir l'absence de,Émotions & Relations,Verbe
ringan,,léger,Taille & Dimensions,Adjectif
rok,,jupe,Vêtements & Accessoires,Nom
roti,,pain,Plats & Saveurs,Nom
rumah,,maison,Maison & Vie pratique,Nom
rumah sakit,,hôpital,Ville & Lieux,Nom
saat,,"moment, instant","Nature, Météo & Temps",Nom
sabar,,patient,Traits de personnalité,Adjectif
Sabtu,,samedi,"Nature, Météo & Temps",Nom
sabun,,savon,Maison & Vie pratique,Nom
sakit,,mal / malade,États physiques & émotionnels,Adjectif
sambal,,sauce piquante,Plats & Saveurs,Nom
sampai,sampai / menyampaikan,arriver / transmettre un message,Déplacement,Verbe
sapa,menyapa / disapa,saluer qqn / être salué,Communication,Verbe
saran,menyarankan / disarankan,conseiller / être conseillé,Communication,Verbe
sarapan,,petit-déjeuner,Plats & Saveurs,Nom
sayang,menyayangi / disayangi / sayang,chérir / être chéri / affection,Émotions & Relations,Verbe
sayur,,légume,"Fruits, Légumes & Boissons",Nom
sedih,sedih / menyedihkan,être triste / être triste (chose),Émotions & Relations,Verbe
sehat,,en forme,États physiques & émotionnels,Adjectif
sekarang,,maintenant,"Nature, Météo & Temps",Nom
sekolah,,école,Ville & Lieux,Nom
selai,,confiture,Plats & Saveurs,Nom
Selasa,,mardi,"Nature, Météo & Temps",Nom
selesai,selesai / menyelesaikan / diselesaikan,terminer / finir qqch / être terminé,"Travail, Études & École",Verbe
selimut,,couverture,Maison & Vie pratique,Nom
sempit,,étroit,Taille & Dimensions,Adjectif
senang,senang / menyenangkan,être content / agréable,Émotions & Relations,Verbe
Senin,,lundi,"Nature, Météo & Temps",Nom
sentuh,menyentuh / disentuh / tersentuh,toucher / être touché / être ému,Corps & Sens,Verbe
senyum,tersenyum / senyuman,sourire / un sourire,Émotions & Relations,Verbe
sepatu,,chaussures,Vêtements & Accessoires,Nom
sepi,,"calme, désert",Qualité générale & Jugement,Adjectif
setia,,fidèle,Traits de personnalité,Adjectif
setuju,setuju / menyetujui / persetujuan,être d'accord / approuver / accord,Communication,Verbe
siapa,,qui,Mots interrogatifs,Mot-outil
sikat,menyikat / sikat gigi,brosser / se brosser les dents,Routine quotidienne,Verbe
sombong,,arrogant,Traits de personnalité,Adjectif
songong,,prétentieux,Traits de personnalité,Adjectif
stasiun,,gare,Ville & Lieux,Nom
stres,,stressé,États physiques & émotionnels,Adjectif
stroberi,,fraise,"Fruits, Légumes & Boissons",Nom
struk,,ticket de caisse,Commerce & Argent,Nom
suami,,mari,Famille & Personnes,Nom
suka,suka / menyukai,aimer (qqch) / apprécier,Émotions & Relations,Verbe
sup,,soupe,Plats & Saveurs,Nom
susah,,difficile,Qualité générale & Jugement,Adjectif
susu,,lait,"Fruits, Légumes & Boissons",Nom
tahu,tahu / mengetahui / memberitahu,savoir / connaître / informer,Mental & Cognition,Verbe
tahu,,tofu,Plats & Saveurs,Nom
tahun,,année,"Nature, Météo & Temps",Nom
takut,takut / menakutkan / ketakutan,avoir peur / effrayant / peur (état),Émotions & Relations,Verbe
tangan,,main,Corps & Sens,Nom
tanpa,,sans,Connecteurs & Liaison,Mot-outil
tante,,tante,Famille & Personnes,Nom
tanya,bertanya / menanyakan,poser une question / demander qqch à qqn,Communication,Verbe
tapi,tetapi,mais,Connecteurs & Liaison,Mot-outil
taruh,menaruh / ditaruh,"poser, mettre / être posé",Maison & Vie pratique,Verbe
tas,,sac,Vêtements & Accessoires,Nom
tawar,menawar / ditawar / tawaran,négocier le prix / être négocié / offre,Commerce & Argent,Verbe
tebal,,épais,Taille & Dimensions,Adjectif
teh,,thé,"Fruits, Légumes & Boissons",Nom
telepon,menelepon / ditelepon,téléphoner,Communication,Verbe
telinga,,oreille,Corps & Sens,Nom
telur,,œuf,Plats & Saveurs,Nom
teman,,ami,Famille & Personnes,Nom
temu,bertemu,rencontrer,Émotions & Relations,Verbe
temukan,menemukan / ditemukan / penemuan,trouver / être trouvé / découverte,"Travail, Études & École",Verbe
terbang,terbang / menerbangkan,voler (avion) / faire voler,Déplacement,Verbe
tertawa,tertawa / menertawakan,rire / rire de qqn,Émotions & Relations,Verbe
terung,,aubergine,"Fruits, Légumes & Boissons",Nom
tidur,tidur / tertidur,dormir / s'endormir (accidentel),Routine quotidienne,Verbe
tinggi,,haut / grand (taille),Taille & Dimensions,Adjectif
tipis,,fin / mince,Taille & Dimensions,Adjectif
toko,,magasin,Ville & Lieux,Nom
topi,,chapeau,Vêtements & Accessoires,Nom
tua,,"âgé, vieux (personne)",Qualité générale & Jugement,Adjectif
tugas,,devoir / tâche,"Travail, Études & École",Nom
tulis,menulis / ditulis / tulisan / penulis,écrire / être écrit / un écrit / écrivain,Communication,Verbe
turun,turun / menurunkan,descendre / faire descendre,Déplacement,Verbe
tutup,menutup / ditutup / tertutup,fermer / être fermé / fermé (état),Maison & Vie pratique,Verbe
undang,mengundang / diundang / undangan,inviter / être invité / invitation,Communication,Verbe
ungu,,violet,Couleurs,Adjectif
wajan,,poêle,Maison & Vie pratique,Nom
waktu,,temps,"Nature, Météo & Temps",Nom
wortel,,carotte,"Fruits, Légumes & Boissons",Nom